run,condition_label,target_rpm,actual_speed_mean_rpm,rotating_frequency_hz,channel,sensor_id,position,direction,signal_type,unit,band_label,low_hz,high_hz,energy,energy_ratio
run_20260707_5000rpm_10min,5000 rpm,5000.0,5000.004580272823,83.33340967121372,cDAQ9185-254D6AAMod1/ai0,ACC1,FrontBearingOuter,Y,acceleration,g,0-10 Hz,0.0,10.0,1.3675881310109865e-07,1.197398791251944e-06
run_20260707_5000rpm_10min,5000 rpm,5000.0,5000.004580272823,83.33340967121372,cDAQ9185-254D6AAMod1/ai0,ACC1,FrontBearingOuter,Y,acceleration,g,10-100 Hz,10.0,100.0,2.30539624417442e-05,0.00020185014870599557
run_20260707_5000rpm_10min,5000 rpm,5000.0,5000.004580272823,83.33340967121372,cDAQ9185-254D6AAMod1/ai0,ACC1,FrontBearingOuter,Y,acceleration,g,100-1000 Hz,100.0,1000.0,0.0004033817683234994,0.003531829728929913
run_20260707_5000rpm_10min,5000 rpm,5000.0,5000.004580272823,83.33340967121372,cDAQ9185-254D6AAMod1/ai0,ACC1,FrontBearingOuter,Y,acceleration,g,1000-5000 Hz,1000.0,5000.0,0.10296634173575454,0.9015270777678066
run_20260707_5000rpm_10min,5000 rpm,5000.0,5000.004580272823,83.33340967121372,cDAQ9185-254D6AAMod1/ai0,ACC1,FrontBearingOuter,Y,acceleration,g,5000-12800 Hz,5000.0,12800.0,0.010820340998857233,0.09473804970351427
run_20260707_5000rpm_10min,5000 rpm,5000.0,5000.004580272823,83.33340967121372,cDAQ9185-254D6AAMod1/ai0,ACC1,FrontBearingOuter,Y,velocity,mm/s,0-10 Hz,0.0,10.0,1.086167060564144e-05,0.0009694710638081893
run_20260707_5000rpm_10min,5000 rpm,5000.0,5000.004580272823,83.33340967121372,cDAQ9185-254D6AAMod1/ai0,ACC1,FrontBearingOuter,Y,velocity,mm/s,10-100 Hz,10.0,100.0,0.008294037495105013,0.7402939792215889
run_20260707_5000rpm_10min,5000 rpm,5000.0,5000.004580272823,83.33340967121372,cDAQ9185-254D6AAMod1/ai0,ACC1,FrontBearingOuter,Y,velocity,mm/s,100-1000 Hz,100.0,1000.0,0.002898808723182487,0.25873654971460264
run_20260707_5000rpm_10min,5000 rpm,5000.0,5000.004580272823,83.33340967121372,cDAQ9185-254D6AAMod1/ai0,ACC1,FrontBearingOuter,Y,velocity,mm/s,1000-5000 Hz,1000.0,5000.0,1.099689987117616e-22,9.81541109446275e-21
run_20260707_5000rpm_10min,5000 rpm,5000.0,5000.004580272823,83.33340967121372,cDAQ9185-254D6AAMod1/ai0,ACC1,FrontBearingOuter,Y,velocity,mm/s,5000-12800 Hz,5000.0,12800.0,6.452850501399438e-33,5.759566891061579e-31
run_20260707_5000rpm_10min,5000 rpm,5000.0,5000.004580272823,83.33340967121372,cDAQ9185-254D6AAMod1/ai1,ACC2,FrontBearingOuter,X,acceleration,g,0-10 Hz,0.0,10.0,3.3102172004460994e-07,1.0001384555551366e-05
run_20260707_5000rpm_10min,5000 rpm,5000.0,5000.004580272823,83.33340967121372,cDAQ9185-254D6AAMod1/ai1,ACC2,FrontBearingOuter,X,acceleration,g,10-100 Hz,10.0,100.0,1.663652307942244e-07,5.026505963481376e-06
run_20260707_5000rpm_10min,5000 rpm,5000.0,5000.004580272823,83.33340967121372,cDAQ9185-254D6AAMod1/ai1,ACC2,FrontBearingOuter,X,acceleration,g,100-1000 Hz,100.0,1000.0,0.0001276038381648974,0.003855381622932455
run_20260707_5000rpm_10min,5000 rpm,5000.0,5000.004580272823,83.33340967121372,cDAQ9185-254D6AAMod1/ai1,ACC2,FrontBearingOuter,X,acceleration,g,1000-5000 Hz,1000.0,5000.0,0.017343889931149693,0.5240227525468926
run_20260707_5000rpm_10min,5000 rpm,5000.0,5000.004580272823,83.33340967121372,cDAQ9185-254D6AAMod1/ai1,ACC2,FrontBearingOuter,X,acceleration,g,5000-12800 Hz,5000.0,12800.0,0.015625600734307087,0.47210691139617766
run_20260707_5000rpm_10min,5000 rpm,5000.0,5000.004580272823,83.33340967121372,cDAQ9185-254D6AAMod1/ai1,ACC2,FrontBearingOuter,X,velocity,mm/s,0-10 Hz,0.0,10.0,1.2318197980231206e-05,0.014339492990849004
run_20260707_5000rpm_10min,5000 rpm,5000.0,5000.004580272823,83.33340967121372,cDAQ9185-254D6AAMod1/ai1,ACC2,FrontBearingOuter,X,velocity,mm/s,10-100 Hz,10.0,100.0,0.00017287779479290864,0.20124533886244755
run_20260707_5000rpm_10min,5000 rpm,5000.0,5000.004580272823,83.33340967121372,cDAQ9185-254D6AAMod1/ai1,ACC2,FrontBearingOuter,X,velocity,mm/s,100-1000 Hz,100.0,1000.0,0.0006738440017435613,0.7844151681467032
run_20260707_5000rpm_10min,5000 rpm,5000.0,5000.004580272823,83.33340967121372,cDAQ9185-254D6AAMod1/ai1,ACC2,FrontBearingOuter,X,velocity,mm/s,1000-5000 Hz,1000.0,5000.0,2.1919859733131936e-22,2.5516692904925943e-19
run_20260707_5000rpm_10min,5000 rpm,5000.0,5000.004580272823,83.33340967121372,cDAQ9185-254D6AAMod1/ai1,ACC2,FrontBearingOuter,X,velocity,mm/s,5000-12800 Hz,5000.0,12800.0,1.6670865902787152e-32,1.9406390865615325e-29
run_20260707_5000rpm_10min,5000 rpm,5000.0,5000.004580272823,83.33340967121372,cDAQ9185-254D6AAMod1/ai2,ACC3,BenchTop,Y,acceleration,g,0-10 Hz,0.0,10.0,1.17360716336097e-07,1.8864228161170276e-05
run_20260707_5000rpm_10min,5000 rpm,5000.0,5000.004580272823,83.33340967121372,cDAQ9185-254D6AAMod1/ai2,ACC3,BenchTop,Y,acceleration,g,10-100 Hz,10.0,100.0,2.7975177320828992e-05,0.004496650534391794
run_20260707_5000rpm_10min,5000 rpm,5000.0,5000.004580272823,83.33340967121372,cDAQ9185-254D6AAMod1/ai2,ACC3,BenchTop,Y,acceleration,g,100-1000 Hz,100.0,1000.0,3.836716083699339e-05,0.006167028444617194
run_20260707_5000rpm_10min,5000 rpm,5000.0,5000.004580272823,83.33340967121372,cDAQ9185-254D6AAMod1/ai2,ACC3,BenchTop,Y,acceleration,g,1000-5000 Hz,1000.0,5000.0,0.00036424579150418096,0.05854783382544442
run_20260707_5000rpm_10min,5000 rpm,5000.0,5000.004580272823,83.33340967121372,cDAQ9185-254D6AAMod1/ai2,ACC3,BenchTop,Y,acceleration,g,5000-12800 Hz,5000.0,12800.0,0.00579063357990636,0.9307699923734174
run_20260707_5000rpm_10min,5000 rpm,5000.0,5000.004580272823,83.33340967121372,cDAQ9185-254D6AAMod1/ai2,ACC3,BenchTop,Y,velocity,mm/s,0-10 Hz,0.0,10.0,1.6073274523223483e-05,0.0015381703801721134
run_20260707_5000rpm_10min,5000 rpm,5000.0,5000.004580272823,83.33340967121372,cDAQ9185-254D6AAMod1/ai2,ACC3,BenchTop,Y,velocity,mm/s,10-100 Hz,10.0,100.0,0.009983311165433129,0.9553767969634067
run_20260707_5000rpm_10min,5000 rpm,5000.0,5000.004580272823,83.33340967121372,cDAQ9185-254D6AAMod1/ai2,ACC3,BenchTop,Y,velocity,mm/s,100-1000 Hz,100.0,1000.0,0.00045022161826521306,0.04308503265642121
run_20260707_5000rpm_10min,5000 rpm,5000.0,5000.004580272823,83.33340967121372,cDAQ9185-254D6AAMod1/ai2,ACC3,BenchTop,Y,velocity,mm/s,1000-5000 Hz,1000.0,5000.0,1.1632061925634591e-22,1.1131579373255599e-20
run_20260707_5000rpm_10min,5000 rpm,5000.0,5000.004580272823,83.33340967121372,cDAQ9185-254D6AAMod1/ai2,ACC3,BenchTop,Y,velocity,mm/s,5000-12800 Hz,5000.0,12800.0,7.253043854914863e-33,6.940973482161365e-31
run_20260707_6000rpm_10min_20℃,冷却20℃,6000.0,5999.991258465011,99.99985430775018,cDAQ9185-254D6AAMod1/ai0,ACC1,FrontBearingOuter,Y,acceleration,g,0-10 Hz,0.0,10.0,3.202621427203787e-07,1.7469342643087655e-05
run_20260707_6000rpm_10min_20℃,冷却20℃,6000.0,5999.991258465011,99.99985430775018,cDAQ9185-254D6AAMod1/ai0,ACC1,FrontBearingOuter,Y,acceleration,g,10-100 Hz,10.0,100.0,3.542047697314906e-06,0.00019320811494282302
run_20260707_6000rpm_10min_20℃,冷却20℃,6000.0,5999.991258465011,99.99985430775018,cDAQ9185-254D6AAMod1/ai0,ACC1,FrontBearingOuter,Y,acceleration,g,100-1000 Hz,100.0,1000.0,0.00028651914088905693,0.015628762748784133
run_20260707_6000rpm_10min_20℃,冷却20℃,6000.0,5999.991258465011,99.99985430775018,cDAQ9185-254D6AAMod1/ai0,ACC1,FrontBearingOuter,Y,acceleration,g,1000-5000 Hz,1000.0,5000.0,0.006109258353280139,0.3332417830032996
run_20260707_6000rpm_10min_20℃,冷却20℃,6000.0,5999.991258465011,99.99985430775018,cDAQ9185-254D6AAMod1/ai0,ACC1,FrontBearingOuter,Y,acceleration,g,5000-12800 Hz,5000.0,12800.0,0.01193317350196927,0.650918947068078
run_20260707_6000rpm_10min_20℃,冷却20℃,6000.0,5999.991258465011,99.99985430775018,cDAQ9185-254D6AAMod1/ai0,ACC1,FrontBearingOuter,Y,velocity,mm/s,0-10 Hz,0.0,10.0,2.1547979849602768e-05,0.004064504122114154
run_20260707_6000rpm_10min_20℃,冷却20℃,6000.0,5999.991258465011,99.99985430775018,cDAQ9185-254D6AAMod1/ai0,ACC1,FrontBearingOuter,Y,velocity,mm/s,10-100 Hz,10.0,100.0,0.001320894815969166,0.2491547913938143
run_20260707_6000rpm_10min_20℃,冷却20℃,6000.0,5999.991258465011,99.99985430775018,cDAQ9185-254D6AAMod1/ai0,ACC1,FrontBearingOuter,Y,velocity,mm/s,100-1000 Hz,100.0,1000.0,0.003959059971115213,0.7467807044840714
run_20260707_6000rpm_10min_20℃,冷却20℃,6000.0,5999.991258465011,99.99985430775018,cDAQ9185-254D6AAMod1/ai0,ACC1,FrontBearingOuter,Y,velocity,mm/s,1000-5000 Hz,1000.0,5000.0,1.2658954678390958e-23,2.3878049743454173e-21
run_20260707_6000rpm_10min_20℃,冷却20℃,6000.0,5999.991258465011,99.99985430775018,cDAQ9185-254D6AAMod1/ai0,ACC1,FrontBearingOuter,Y,velocity,mm/s,5000-12800 Hz,5000.0,12800.0,1.0158871265989762e-33,1.9162248352206255e-31
run_20260707_6000rpm_10min_20℃,冷却20℃,6000.0,5999.991258465011,99.99985430775018,cDAQ9185-254D6AAMod1/ai1,ACC2,FrontBearingOuter,X,acceleration,g,0-10 Hz,0.0,10.0,1.573521680754225e-07,7.064471093143302e-06
run_20260707_6000rpm_10min_20℃,冷却20℃,6000.0,5999.991258465011,99.99985430775018,cDAQ9185-254D6AAMod1/ai1,ACC2,FrontBearingOuter,X,acceleration,g,10-100 Hz,10.0,100.0,5.111100379974869e-07,2.294675779184637e-05
run_20260707_6000rpm_10min_20℃,冷却20℃,6000.0,5999.991258465011,99.99985430775018,cDAQ9185-254D6AAMod1/ai1,ACC2,FrontBearingOuter,X,acceleration,g,100-1000 Hz,100.0,1000.0,0.00013824184522797528,0.0062064954771243585
run_20260707_6000rpm_10min_20℃,冷却20℃,6000.0,5999.991258465011,99.99985430775018,cDAQ9185-254D6AAMod1/ai1,ACC2,FrontBearingOuter,X,acceleration,g,1000-5000 Hz,1000.0,5000.0,0.004648639884821511,0.20870498634002627
run_20260707_6000rpm_10min_20℃,冷却20℃,6000.0,5999.991258465011,99.99985430775018,cDAQ9185-254D6AAMod1/ai1,ACC2,FrontBearingOuter,X,acceleration,g,5000-12800 Hz,5000.0,12800.0,0.017486187341301272,0.7850585505927067
run_20260707_6000rpm_10min_20℃,冷却20℃,6000.0,5999.991258465011,99.99985430775018,cDAQ9185-254D6AAMod1/ai1,ACC2,FrontBearingOuter,X,velocity,mm/s,0-10 Hz,0.0,10.0,8.762184491957437e-06,0.007187913789426861
run_20260707_6000rpm_10min_20℃,冷却20℃,6000.0,5999.991258465011,99.99985430775018,cDAQ9185-254D6AAMod1/ai1,ACC2,FrontBearingOuter,X,velocity,mm/s,10-100 Hz,10.0,100.0,0.00026735895343276463,0.21932351571346462
run_20260707_6000rpm_10min_20℃,冷却20℃,6000.0,5999.991258465011,99.99985430775018,cDAQ9185-254D6AAMod1/ai1,ACC2,FrontBearingOuter,X,velocity,mm/s,100-1000 Hz,100.0,1000.0,0.0009428952204581881,0.7734885704971084
run_20260707_6000rpm_10min_20℃,冷却20℃,6000.0,5999.991258465011,99.99985430775018,cDAQ9185-254D6AAMod1/ai1,ACC2,FrontBearingOuter,X,velocity,mm/s,1000-5000 Hz,1000.0,5000.0,3.498553076466313e-25,2.8699804169218276e-22
run_20260707_6000rpm_10min_20℃,冷却20℃,6000.0,5999.991258465011,99.99985430775018,cDAQ9185-254D6AAMod1/ai1,ACC2,FrontBearingOuter,X,velocity,mm/s,5000-12800 Hz,5000.0,12800.0,4.269319602661546e-34,3.502266046966773e-31
run_20260707_6000rpm_10min_20℃,冷却20℃,6000.0,5999.991258465011,99.99985430775018,cDAQ9185-254D6AAMod1/ai2,ACC3,BenchTop,Y,acceleration,g,0-10 Hz,0.0,10.0,1.2670076499349083e-07,1.2822688428687161e-05
run_20260707_6000rpm_10min_20℃,冷却20℃,6000.0,5999.991258465011,99.99985430775018,cDAQ9185-254D6AAMod1/ai2,ACC3,BenchTop,Y,acceleration,g,10-100 Hz,10.0,100.0,9.612495296291721e-06,0.0009728278453007125
run_20260707_6000rpm_10min_20℃,冷却20℃,6000.0,5999.991258465011,99.99985430775018,cDAQ9185-254D6AAMod1/ai2,ACC3,BenchTop,Y,acceleration,g,100-1000 Hz,100.0,1000.0,5.7628043679226534e-05,0.005832217736739469
run_20260707_6000rpm_10min_20℃,冷却20℃,6000.0,5999.991258465011,99.99985430775018,cDAQ9185-254D6AAMod1/ai2,ACC3,BenchTop,Y,acceleration,g,1000-5000 Hz,1000.0,5000.0,0.00047896387404019005,0.04847330263341221
run_20260707_6000rpm_10min_20℃,冷却20℃,6000.0,5999.991258465011,99.99985430775018,cDAQ9185-254D6AAMod1/ai2,ACC3,BenchTop,Y,acceleration,g,5000-12800 Hz,5000.0,12800.0,0.009334651778747217,0.9447088291480737
run_20260707_6000rpm_10min_20℃,冷却20℃,6000.0,5999.991258465011,99.99985430775018,cDAQ9185-254D6AAMod1/ai2,ACC3,BenchTop,Y,velocity,mm/s,0-10 Hz,0.0,10.0,2.07276943867285e-05,0.0018138610358384214
run_20260707_6000rpm_10min_20℃,冷却20℃,6000.0,5999.991258465011,99.99985430775018,cDAQ9185-254D6AAMod1/ai2,ACC3,BenchTop,Y,velocity,mm/s,10-100 Hz,10.0,100.0,0.0026219038655558536,0.22944034067247343
run_20260707_6000rpm_10min_20℃,冷却20℃,6000.0,5999.991258465011,99.99985430775018,cDAQ9185-254D6AAMod1/ai2,ACC3,BenchTop,Y,velocity,mm/s,100-1000 Hz,100.0,1000.0,0.0087847567444473,0.7687457982916879
run_20260707_6000rpm_10min_20℃,冷却20℃,6000.0,5999.991258465011,99.99985430775018,cDAQ9185-254D6AAMod1/ai2,ACC3,BenchTop,Y,velocity,mm/s,1000-5000 Hz,1000.0,5000.0,8.357382607995318e-24,7.313466896705339e-22
run_20260707_6000rpm_10min_20℃,冷却20℃,6000.0,5999.991258465011,99.99985430775018,cDAQ9185-254D6AAMod1/ai2,ACC3,BenchTop,Y,velocity,mm/s,5000-12800 Hz,5000.0,12800.0,1.3670621441515145e-32,1.1963032214686807e-30
run_20260707_6000rpm_10min_24℃,冷却24℃,6000.0,5999.999616766467,99.99999361277445,cDAQ9185-254D6AAMod1/ai0,ACC1,FrontBearingOuter,Y,acceleration,g,0-10 Hz,0.0,10.0,3.6863121901512876e-07,1.911474096497345e-05
run_20260707_6000rpm_10min_24℃,冷却24℃,6000.0,5999.999616766467,99.99999361277445,cDAQ9185-254D6AAMod1/ai0,ACC1,FrontBearingOuter,Y,acceleration,g,10-100 Hz,10.0,100.0,1.0244604639358257e-05,0.0005312164403575968
run_20260707_6000rpm_10min_24℃,冷却24℃,6000.0,5999.999616766467,99.99999361277445,cDAQ9185-254D6AAMod1/ai0,ACC1,FrontBearingOuter,Y,acceleration,g,100-1000 Hz,100.0,1000.0,0.0007413562848917477,0.03844176135250021
run_20260707_6000rpm_10min_24℃,冷却24℃,6000.0,5999.999616766467,99.99999361277445,cDAQ9185-254D6AAMod1/ai0,ACC1,FrontBearingOuter,Y,acceleration,g,1000-5000 Hz,1000.0,5000.0,0.0112721162294824,0.5844962953199756
run_20260707_6000rpm_10min_24℃,冷却24℃,6000.0,5999.999616766467,99.99999361277445,cDAQ9185-254D6AAMod1/ai0,ACC1,FrontBearingOuter,Y,acceleration,g,5000-12800 Hz,5000.0,12800.0,0.007261095653561644,0.3765116880511123
run_20260707_6000rpm_10min_24℃,冷却24℃,6000.0,5999.999616766467,99.99999361277445,cDAQ9185-254D6AAMod1/ai0,ACC1,FrontBearingOuter,Y,velocity,mm/s,0-10 Hz,0.0,10.0,1.3456846233998751e-05,0.000881762841361328
run_20260707_6000rpm_10min_24℃,冷却24℃,6000.0,5999.999616766467,99.99999361277445,cDAQ9185-254D6AAMod1/ai0,ACC1,FrontBearingOuter,Y,velocity,mm/s,10-100 Hz,10.0,100.0,0.0028521734806603986,0.18688930144780422
run_20260707_6000rpm_10min_24℃,冷却24℃,6000.0,5999.999616766467,99.99999361277445,cDAQ9185-254D6AAMod1/ai0,ACC1,FrontBearingOuter,Y,velocity,mm/s,100-1000 Hz,100.0,1000.0,0.012395668519882948,0.8122289357108343
run_20260707_6000rpm_10min_24℃,冷却24℃,6000.0,5999.999616766467,99.99999361277445,cDAQ9185-254D6AAMod1/ai0,ACC1,FrontBearingOuter,Y,velocity,mm/s,1000-5000 Hz,1000.0,5000.0,5.34252091978119e-24,3.5006987107845956e-22
run_20260707_6000rpm_10min_24℃,冷却24℃,6000.0,5999.999616766467,99.99999361277445,cDAQ9185-254D6AAMod1/ai0,ACC1,FrontBearingOuter,Y,velocity,mm/s,5000-12800 Hz,5000.0,12800.0,1.367677141955218e-32,8.961734880409759e-31
run_20260707_6000rpm_10min_24℃,冷却24℃,6000.0,5999.999616766467,99.99999361277445,cDAQ9185-254D6AAMod1/ai1,ACC2,FrontBearingOuter,X,acceleration,g,0-10 Hz,0.0,10.0,6.051121963916865e-07,6.95782381328994e-05
run_20260707_6000rpm_10min_24℃,冷却24℃,6000.0,5999.999616766467,99.99999361277445,cDAQ9185-254D6AAMod1/ai1,ACC2,FrontBearingOuter,X,acceleration,g,10-100 Hz,10.0,100.0,1.3648302867588225e-06,0.0001569336848098
run_20260707_6000rpm_10min_24℃,冷却24℃,6000.0,5999.999616766467,99.99999361277445,cDAQ9185-254D6AAMod1/ai1,ACC2,FrontBearingOuter,X,acceleration,g,100-1000 Hz,100.0,1000.0,0.00010330071218704396,0.011877932050795788
run_20260707_6000rpm_10min_24℃,冷却24℃,6000.0,5999.999616766467,99.99999361277445,cDAQ9185-254D6AAMod1/ai1,ACC2,FrontBearingOuter,X,acceleration,g,1000-5000 Hz,1000.0,5000.0,0.004730637504946934,0.5439477584526587
run_20260707_6000rpm_10min_24℃,冷却24℃,6000.0,5999.999616766467,99.99999361277445,cDAQ9185-254D6AAMod1/ai1,ACC2,FrontBearingOuter,X,acceleration,g,5000-12800 Hz,5000.0,12800.0,0.0038609561811285566,0.4439482961889667
run_20260707_6000rpm_10min_24℃,冷却24℃,6000.0,5999.999616766467,99.99999361277445,cDAQ9185-254D6AAMod1/ai1,ACC2,FrontBearingOuter,X,velocity,mm/s,0-10 Hz,0.0,10.0,9.497978908254536e-06,0.0044833266989562194
run_20260707_6000rpm_10min_24℃,冷却24℃,6000.0,5999.999616766467,99.99999361277445,cDAQ9185-254D6AAMod1/ai1,ACC2,FrontBearingOuter,X,velocity,mm/s,10-100 Hz,10.0,100.0,0.0004757529477544941,0.2245694492879038
run_20260707_6000rpm_10min_24℃,冷却24℃,6000.0,5999.999616766467,99.99999361277445,cDAQ9185-254D6AAMod1/ai1,ACC2,FrontBearingOuter,X,velocity,mm/s,100-1000 Hz,100.0,1000.0,0.0016332605149562158,0.7709472240131398
run_20260707_6000rpm_10min_24℃,冷却24℃,6000.0,5999.999616766467,99.99999361277445,cDAQ9185-254D6AAMod1/ai1,ACC2,FrontBearingOuter,X,velocity,mm/s,1000-5000 Hz,1000.0,5000.0,6.2579533431996835e-24,2.953938893252972e-21
run_20260707_6000rpm_10min_24℃,冷却24℃,6000.0,5999.999616766467,99.99999361277445,cDAQ9185-254D6AAMod1/ai1,ACC2,FrontBearingOuter,X,velocity,mm/s,5000-12800 Hz,5000.0,12800.0,1.2194979723309393e-32,5.756390776907959e-30
run_20260707_6000rpm_10min_24℃,冷却24℃,6000.0,5999.999616766467,99.99999361277445,cDAQ9185-254D6AAMod1/ai2,ACC3,BenchTop,Y,acceleration,g,0-10 Hz,0.0,10.0,4.379184719839675e-07,4.572921832391622e-05
run_20260707_6000rpm_10min_24℃,冷却24℃,6000.0,5999.999616766467,99.99999361277445,cDAQ9185-254D6AAMod1/ai2,ACC3,BenchTop,Y,acceleration,g,10-100 Hz,10.0,100.0,2.8981479892869593e-05,0.0030263633670601178
run_20260707_6000rpm_10min_24℃,冷却24℃,6000.0,5999.999616766467,99.99999361277445,cDAQ9185-254D6AAMod1/ai2,ACC3,BenchTop,Y,acceleration,g,100-1000 Hz,100.0,1000.0,0.00016019036865220723,0.01672772630096681
run_20260707_6000rpm_10min_24℃,冷却24℃,6000.0,5999.999616766467,99.99999361277445,cDAQ9185-254D6AAMod1/ai2,ACC3,BenchTop,Y,acceleration,g,1000-5000 Hz,1000.0,5000.0,0.0004153858034728997,0.0433762659282457
run_20260707_6000rpm_10min_24℃,冷却24℃,6000.0,5999.999616766467,99.99999361277445,cDAQ9185-254D6AAMod1/ai2,ACC3,BenchTop,Y,acceleration,g,5000-12800 Hz,5000.0,12800.0,0.008971342912709446,0.9368239180580361
run_20260707_6000rpm_10min_24℃,冷却24℃,6000.0,5999.999616766467,99.99999361277445,cDAQ9185-254D6AAMod1/ai2,ACC3,BenchTop,Y,velocity,mm/s,0-10 Hz,0.0,10.0,1.3639688442028138e-05,0.00039498296194154817
run_20260707_6000rpm_10min_24℃,冷却24℃,6000.0,5999.999616766467,99.99999361277445,cDAQ9185-254D6AAMod1/ai2,ACC3,BenchTop,Y,velocity,mm/s,10-100 Hz,10.0,100.0,0.007369429972985092,0.21340658116364253
run_20260707_6000rpm_10min_24℃,冷却24℃,6000.0,5999.999616766467,99.99999361277445,cDAQ9185-254D6AAMod1/ai2,ACC3,BenchTop,Y,velocity,mm/s,100-1000 Hz,100.0,1000.0,0.027149276683290938,0.7861984358744155
run_20260707_6000rpm_10min_24℃,冷却24℃,6000.0,5999.999616766467,99.99999361277445,cDAQ9185-254D6AAMod1/ai2,ACC3,BenchTop,Y,velocity,mm/s,1000-5000 Hz,1000.0,5000.0,9.061454821763045e-24,2.6240484012604744e-22
run_20260707_6000rpm_10min_24℃,冷却24℃,6000.0,5999.999616766467,99.99999361277445,cDAQ9185-254D6AAMod1/ai2,ACC3,BenchTop,Y,velocity,mm/s,5000-12800 Hz,5000.0,12800.0,5.2396345208919e-32,1.5173120495744517e-30
run_20260707_6000rpm_10min_reset,振动传感器重新放置,6000.0,5999.998520286396,99.99997533810661,cDAQ9185-254D6AAMod1/ai0,ACC1,FrontBearingOuter,Y,acceleration,g,0-10 Hz,0.0,10.0,1.4124027506170077e-07,8.375114672831774e-06
run_20260707_6000rpm_10min_reset,振动传感器重新放置,6000.0,5999.998520286396,99.99997533810661,cDAQ9185-254D6AAMod1/ai0,ACC1,FrontBearingOuter,Y,acceleration,g,10-100 Hz,10.0,100.0,1.0161758892138676e-05,0.0006025611034965125
run_20260707_6000rpm_10min_reset,振动传感器重新放置,6000.0,5999.998520286396,99.99997533810661,cDAQ9185-254D6AAMod1/ai0,ACC1,FrontBearingOuter,Y,acceleration,g,100-1000 Hz,100.0,1000.0,0.000481201473969968,0.02853377001335915
run_20260707_6000rpm_10min_reset,振动传感器重新放置,6000.0,5999.998520286396,99.99997533810661,cDAQ9185-254D6AAMod1/ai0,ACC1,FrontBearingOuter,Y,acceleration,g,1000-5000 Hz,1000.0,5000.0,0.00910607148652796,0.5399620815334669
run_20260707_6000rpm_10min_reset,振动传感器重新放置,6000.0,5999.998520286396,99.99997533810661,cDAQ9185-254D6AAMod1/ai0,ACC1,FrontBearingOuter,Y,acceleration,g,5000-12800 Hz,5000.0,12800.0,0.007266703641470638,0.43089321558043114
run_20260707_6000rpm_10min_reset,振动传感器重新放置,6000.0,5999.998520286396,99.99997533810661,cDAQ9185-254D6AAMod1/ai0,ACC1,FrontBearingOuter,Y,velocity,mm/s,0-10 Hz,0.0,10.0,2.0538996959364837e-05,0.0016559425156234791
run_20260707_6000rpm_10min_reset,振动传感器重新放置,6000.0,5999.998520286396,99.99997533810661,cDAQ9185-254D6AAMod1/ai0,ACC1,FrontBearingOuter,Y,velocity,mm/s,10-100 Hz,10.0,100.0,0.002939919759347406,0.23702901030934614
run_20260707_6000rpm_10min_reset,振动传感器重新放置,6000.0,5999.998520286396,99.99997533810661,cDAQ9185-254D6AAMod1/ai0,ACC1,FrontBearingOuter,Y,velocity,mm/s,100-1000 Hz,100.0,1000.0,0.009442747735213076,0.7613150471750306
run_20260707_6000rpm_10min_reset,振动传感器重新放置,6000.0,5999.998520286396,99.99997533810661,cDAQ9185-254D6AAMod1/ai0,ACC1,FrontBearingOuter,Y,velocity,mm/s,1000-5000 Hz,1000.0,5000.0,9.095834991928206e-24,7.333454456431964e-22
run_20260707_6000rpm_10min_reset,振动传感器重新放置,6000.0,5999.998520286396,99.99997533810661,cDAQ9185-254D6AAMod1/ai0,ACC1,FrontBearingOuter,Y,velocity,mm/s,5000-12800 Hz,5000.0,12800.0,1.0932091584420763e-32,8.81392371552881e-31
run_20260707_6000rpm_10min_reset,振动传感器重新放置,6000.0,5999.998520286396,99.99997533810661,cDAQ9185-254D6AAMod1/ai1,ACC2,FrontBearingOuter,X,acceleration,g,0-10 Hz,0.0,10.0,3.9594691510555203e-07,2.87382788958874e-05
run_20260707_6000rpm_10min_reset,振动传感器重新放置,6000.0,5999.998520286396,99.99997533810661,cDAQ9185-254D6AAMod1/ai1,ACC2,FrontBearingOuter,X,acceleration,g,10-100 Hz,10.0,100.0,1.1179477637279012e-06,8.114192433215792e-05
run_20260707_6000rpm_10min_reset,振动传感器重新放置,6000.0,5999.998520286396,99.99997533810661,cDAQ9185-254D6AAMod1/ai1,ACC2,FrontBearingOuter,X,acceleration,g,100-1000 Hz,100.0,1000.0,0.00010321529449117296,0.007491483848580403
run_20260707_6000rpm_10min_reset,振动传感器重新放置,6000.0,5999.998520286396,99.99997533810661,cDAQ9185-254D6AAMod1/ai1,ACC2,FrontBearingOuter,X,acceleration,g,1000-5000 Hz,1000.0,5000.0,0.0046603900283974,0.33825642602618444
run_20260707_6000rpm_10min_reset,振动传感器重新放置,6000.0,5999.998520286396,99.99997533810661,cDAQ9185-254D6AAMod1/ai1,ACC2,FrontBearingOuter,X,acceleration,g,5000-12800 Hz,5000.0,12800.0,0.009012564799177602,0.6541422369637033
run_20260707_6000rpm_10min_reset,振动传感器重新放置,6000.0,5999.998520286396,99.99997533810661,cDAQ9185-254D6AAMod1/ai1,ACC2,FrontBearingOuter,X,velocity,mm/s,0-10 Hz,0.0,10.0,1.0265252891191397e-05,0.006307165146444861
run_20260707_6000rpm_10min_reset,振动传感器重新放置,6000.0,5999.998520286396,99.99997533810661,cDAQ9185-254D6AAMod1/ai1,ACC2,FrontBearingOuter,X,velocity,mm/s,10-100 Hz,10.0,100.0,0.0004264968991684842,0.2620477455368436
run_20260707_6000rpm_10min_reset,振动传感器重新放置,6000.0,5999.998520286396,99.99997533810661,cDAQ9185-254D6AAMod1/ai1,ACC2,FrontBearingOuter,X,velocity,mm/s,100-1000 Hz,100.0,1000.0,0.0011907920109984422,0.7316450893167114
run_20260707_6000rpm_10min_reset,振动传感器重新放置,6000.0,5999.998520286396,99.99997533810661,cDAQ9185-254D6AAMod1/ai1,ACC2,FrontBearingOuter,X,velocity,mm/s,1000-5000 Hz,1000.0,5000.0,2.0929632528781366e-24,1.285956129991724e-21
run_20260707_6000rpm_10min_reset,振动传感器重新放置,6000.0,5999.998520286396,99.99997533810661,cDAQ9185-254D6AAMod1/ai1,ACC2,FrontBearingOuter,X,velocity,mm/s,5000-12800 Hz,5000.0,12800.0,2.9811001250010196e-33,1.8316441889710358e-30
run_20260707_6000rpm_10min_reset,振动传感器重新放置,6000.0,5999.998520286396,99.99997533810661,cDAQ9185-254D6AAMod1/ai2,ACC3,BenchTop,Y,acceleration,g,0-10 Hz,0.0,10.0,1.004683066755464e-07,9.892381928834675e-06
run_20260707_6000rpm_10min_reset,振动传感器重新放置,6000.0,5999.998520286396,99.99997533810661,cDAQ9185-254D6AAMod1/ai2,ACC3,BenchTop,Y,acceleration,g,10-100 Hz,10.0,100.0,2.4139677748657825e-05,0.0023768581339774675
run_20260707_6000rpm_10min_reset,振动传感器重新放置,6000.0,5999.998520286396,99.99997533810661,cDAQ9185-254D6AAMod1/ai2,ACC3,BenchTop,Y,acceleration,g,100-1000 Hz,100.0,1000.0,0.000107658839373332,0.01060038127780332
run_20260707_6000rpm_10min_reset,振动传感器重新放置,6000.0,5999.998520286396,99.99997533810661,cDAQ9185-254D6AAMod1/ai2,ACC3,BenchTop,Y,acceleration,g,1000-5000 Hz,1000.0,5000.0,0.0003958843005924604,0.03897984180959036
run_20260707_6000rpm_10min_reset,振动传感器重新放置,6000.0,5999.998520286396,99.99997533810661,cDAQ9185-254D6AAMod1/ai2,ACC3,BenchTop,Y,acceleration,g,5000-12800 Hz,5000.0,12800.0,0.009628345769777906,0.9480330349860029
run_20260707_6000rpm_10min_reset,振动传感器重新放置,6000.0,5999.998520286396,99.99997533810661,cDAQ9185-254D6AAMod1/ai2,ACC3,BenchTop,Y,velocity,mm/s,0-10 Hz,0.0,10.0,2.4373526659744866e-05,0.0009689633802372132
run_20260707_6000rpm_10min_reset,振动传感器重新放置,6000.0,5999.998520286396,99.99997533810661,cDAQ9185-254D6AAMod1/ai2,ACC3,BenchTop,Y,velocity,mm/s,10-100 Hz,10.0,100.0,0.006265042588142169,0.2490651815915703
run_20260707_6000rpm_10min_reset,振动传感器重新放置,6000.0,5999.998520286396,99.99997533810661,cDAQ9185-254D6AAMod1/ai2,ACC3,BenchTop,Y,velocity,mm/s,100-1000 Hz,100.0,1000.0,0.01886481278265955,0.7499658550281918
run_20260707_6000rpm_10min_reset,振动传感器重新放置,6000.0,5999.998520286396,99.99997533810661,cDAQ9185-254D6AAMod1/ai2,ACC3,BenchTop,Y,velocity,mm/s,1000-5000 Hz,1000.0,5000.0,8.557029816408406e-24,3.4018255345016625e-22
run_20260707_6000rpm_10min_reset,振动传感器重新放置,6000.0,5999.998520286396,99.99997533810661,cDAQ9185-254D6AAMod1/ai2,ACC3,BenchTop,Y,velocity,mm/s,5000-12800 Hz,5000.0,12800.0,3.396260074946581e-32,1.3501745924278066e-30
run_20260707_6000rpm_10min_reset_spindle,重新安装刀柄,6000.0,5999.995324371713,99.99992207286188,cDAQ9185-254D6AAMod1/ai0,ACC1,FrontBearingOuter,Y,acceleration,g,0-10 Hz,0.0,10.0,8.239766984831446e-07,3.52356779296187e-05
run_20260707_6000rpm_10min_reset_spindle,重新安装刀柄,6000.0,5999.995324371713,99.99992207286188,cDAQ9185-254D6AAMod1/ai0,ACC1,FrontBearingOuter,Y,acceleration,g,10-100 Hz,10.0,100.0,3.6283701042723315e-06,0.00015515982507630606
run_20260707_6000rpm_10min_reset_spindle,重新安装刀柄,6000.0,5999.995324371713,99.99992207286188,cDAQ9185-254D6AAMod1/ai0,ACC1,FrontBearingOuter,Y,acceleration,g,100-1000 Hz,100.0,1000.0,0.0005747348794747872,0.024577361405209792
run_20260707_6000rpm_10min_reset_spindle,重新安装刀柄,6000.0,5999.995324371713,99.99992207286188,cDAQ9185-254D6AAMod1/ai0,ACC1,FrontBearingOuter,Y,acceleration,g,1000-5000 Hz,1000.0,5000.0,0.007501077793855904,0.3207682471553874
run_20260707_6000rpm_10min_reset_spindle,重新安装刀柄,6000.0,5999.995324371713,99.99992207286188,cDAQ9185-254D6AAMod1/ai0,ACC1,FrontBearingOuter,Y,acceleration,g,5000-12800 Hz,5000.0,12800.0,0.015304495223238375,0.6544654303381937
run_20260707_6000rpm_10min_reset_spindle,重新安装刀柄,6000.0,5999.995324371713,99.99992207286188,cDAQ9185-254D6AAMod1/ai0,ACC1,FrontBearingOuter,Y,velocity,mm/s,0-10 Hz,0.0,10.0,3.7461844395106915e-05,0.005011823201274999
run_20260707_6000rpm_10min_reset_spindle,重新安装刀柄,6000.0,5999.995324371713,99.99992207286188,cDAQ9185-254D6AAMod1/ai0,ACC1,FrontBearingOuter,Y,velocity,mm/s,10-100 Hz,10.0,100.0,0.0014019811309825946,0.18756368442249188
run_20260707_6000rpm_10min_reset_spindle,重新安装刀柄,6000.0,5999.995324371713,99.99992207286188,cDAQ9185-254D6AAMod1/ai0,ACC1,FrontBearingOuter,Y,velocity,mm/s,100-1000 Hz,100.0,1000.0,0.006035250941513997,0.8074244923762329
run_20260707_6000rpm_10min_reset_spindle,重新安装刀柄,6000.0,5999.995324371713,99.99992207286188,cDAQ9185-254D6AAMod1/ai0,ACC1,FrontBearingOuter,Y,velocity,mm/s,1000-5000 Hz,1000.0,5000.0,6.871227089792942e-24,9.192653460050033e-22
run_20260707_6000rpm_10min_reset_spindle,重新安装刀柄,6000.0,5999.995324371713,99.99992207286188,cDAQ9185-254D6AAMod1/ai0,ACC1,FrontBearingOuter,Y,velocity,mm/s,5000-12800 Hz,5000.0,12800.0,1.8045214996305322e-32,2.414174439374141e-30
run_20260707_6000rpm_10min_reset_spindle,重新安装刀柄,6000.0,5999.995324371713,99.99992207286188,cDAQ9185-254D6AAMod1/ai1,ACC2,FrontBearingOuter,X,acceleration,g,0-10 Hz,0.0,10.0,1.365927272706548e-06,9.217873572794108e-05
run_20260707_6000rpm_10min_reset_spindle,重新安装刀柄,6000.0,5999.995324371713,99.99992207286188,cDAQ9185-254D6AAMod1/ai1,ACC2,FrontBearingOuter,X,acceleration,g,10-100 Hz,10.0,100.0,7.362708127031939e-07,4.968676885254988e-05
run_20260707_6000rpm_10min_reset_spindle,重新安装刀柄,6000.0,5999.995324371713,99.99992207286188,cDAQ9185-254D6AAMod1/ai1,ACC2,FrontBearingOuter,X,acceleration,g,100-1000 Hz,100.0,1000.0,0.00010901150012531324,0.007356571950896587
run_20260707_6000rpm_10min_reset_spindle,重新安装刀柄,6000.0,5999.995324371713,99.99992207286188,cDAQ9185-254D6AAMod1/ai1,ACC2,FrontBearingOuter,X,acceleration,g,1000-5000 Hz,1000.0,5000.0,0.0047079723302545715,0.31771452691261187
run_20260707_6000rpm_10min_reset_spindle,重新安装刀柄,6000.0,5999.995324371713,99.99992207286188,cDAQ9185-254D6AAMod1/ai1,ACC2,FrontBearingOuter,X,acceleration,g,5000-12800 Hz,5000.0,12800.0,0.009999222349535843,0.6747911787546579
run_20260707_6000rpm_10min_reset_spindle,重新安装刀柄,6000.0,5999.995324371713,99.99992207286188,cDAQ9185-254D6AAMod1/ai1,ACC2,FrontBearingOuter,X,velocity,mm/s,0-10 Hz,0.0,10.0,9.803821835526323e-06,0.006561454518733786
run_20260707_6000rpm_10min_reset_spindle,重新安装刀柄,6000.0,5999.995324371713,99.99992207286188,cDAQ9185-254D6AAMod1/ai1,ACC2,FrontBearingOuter,X,velocity,mm/s,10-100 Hz,10.0,100.0,0.0003493512535420471,0.2338121193586253
run_20260707_6000rpm_10min_reset_spindle,重新安装刀柄,6000.0,5999.995324371713,99.99992207286188,cDAQ9185-254D6AAMod1/ai1,ACC2,FrontBearingOuter,X,velocity,mm/s,100-1000 Hz,100.0,1000.0,0.0011349986686642645,0.7596264261226409
run_20260707_6000rpm_10min_reset_spindle,重新安装刀柄,6000.0,5999.995324371713,99.99992207286188,cDAQ9185-254D6AAMod1/ai1,ACC2,FrontBearingOuter,X,velocity,mm/s,1000-5000 Hz,1000.0,5000.0,3.907448079496127e-24,2.6151579749257147e-21
run_20260707_6000rpm_10min_reset_spindle,重新安装刀柄,6000.0,5999.995324371713,99.99992207286188,cDAQ9185-254D6AAMod1/ai1,ACC2,FrontBearingOuter,X,velocity,mm/s,5000-12800 Hz,5000.0,12800.0,1.5347079669250295e-33,1.027141934385874e-30
run_20260707_6000rpm_10min_reset_spindle,重新安装刀柄,6000.0,5999.995324371713,99.99992207286188,cDAQ9185-254D6AAMod1/ai2,ACC3,BenchTop,Y,acceleration,g,0-10 Hz,0.0,10.0,9.58755701140175e-07,9.663429740924072e-05
run_20260707_6000rpm_10min_reset_spindle,重新安装刀柄,6000.0,5999.995324371713,99.99992207286188,cDAQ9185-254D6AAMod1/ai2,ACC3,BenchTop,Y,acceleration,g,10-100 Hz,10.0,100.0,1.0195724523975285e-05,0.0010276410088418003
run_20260707_6000rpm_10min_reset_spindle,重新安装刀柄,6000.0,5999.995324371713,99.99992207286188,cDAQ9185-254D6AAMod1/ai2,ACC3,BenchTop,Y,acceleration,g,100-1000 Hz,100.0,1000.0,7.608579800315784e-05,0.007668791564016573
run_20260707_6000rpm_10min_reset_spindle,重新安装刀柄,6000.0,5999.995324371713,99.99992207286188,cDAQ9185-254D6AAMod1/ai2,ACC3,BenchTop,Y,acceleration,g,1000-5000 Hz,1000.0,5000.0,0.0005352029423496256,0.05394383599889838
run_20260707_6000rpm_10min_reset_spindle,重新安装刀柄,6000.0,5999.995324371713,99.99992207286188,cDAQ9185-254D6AAMod1/ai2,ACC3,BenchTop,Y,acceleration,g,5000-12800 Hz,5000.0,12800.0,0.009299069611714329,0.9372659348142471
run_20260707_6000rpm_10min_reset_spindle,重新安装刀柄,6000.0,5999.995324371713,99.99992207286188,cDAQ9185-254D6AAMod1/ai2,ACC3,BenchTop,Y,velocity,mm/s,0-10 Hz,0.0,10.0,1.541865388883302e-05,0.001146747965594823
run_20260707_6000rpm_10min_reset_spindle,重新安装刀柄,6000.0,5999.995324371713,99.99992207286188,cDAQ9185-254D6AAMod1/ai2,ACC3,BenchTop,Y,velocity,mm/s,10-100 Hz,10.0,100.0,0.0027777369614007076,0.20659158914973832
run_20260707_6000rpm_10min_reset_spindle,重新安装刀柄,6000.0,5999.995324371713,99.99992207286188,cDAQ9185-254D6AAMod1/ai2,ACC3,BenchTop,Y,velocity,mm/s,100-1000 Hz,100.0,1000.0,0.01065239157679577,0.7922616628846664
run_20260707_6000rpm_10min_reset_spindle,重新安装刀柄,6000.0,5999.995324371713,99.99992207286188,cDAQ9185-254D6AAMod1/ai2,ACC3,BenchTop,Y,velocity,mm/s,1000-5000 Hz,1000.0,5000.0,7.7732789977113e-24,5.78130356962119e-22
run_20260707_6000rpm_10min_reset_spindle,重新安装刀柄,6000.0,5999.995324371713,99.99992207286188,cDAQ9185-254D6AAMod1/ai2,ACC3,BenchTop,Y,velocity,mm/s,5000-12800 Hz,5000.0,12800.0,2.3296859157435854e-32,1.7326821158420006e-30
run_20260707_6000rpm_10min_wo,无冷却,6000.0,6000.009734826163,100.00016224710272,cDAQ9185-254D6AAMod1/ai0,ACC1,FrontBearingOuter,Y,acceleration,g,0-10 Hz,0.0,10.0,3.0742162146700173e-06,0.00012234360989505342
run_20260707_6000rpm_10min_wo,无冷却,6000.0,6000.009734826163,100.00016224710272,cDAQ9185-254D6AAMod1/ai0,ACC1,FrontBearingOuter,Y,acceleration,g,10-100 Hz,10.0,100.0,1.285111897981075e-06,5.114319154515445e-05
run_20260707_6000rpm_10min_wo,无冷却,6000.0,6000.009734826163,100.00016224710272,cDAQ9185-254D6AAMod1/ai0,ACC1,FrontBearingOuter,Y,acceleration,g,100-1000 Hz,100.0,1000.0,0.0007118279174451652,0.028328390380852726
run_20260707_6000rpm_10min_wo,无冷却,6000.0,6000.009734826163,100.00016224710272,cDAQ9185-254D6AAMod1/ai0,ACC1,FrontBearingOuter,Y,acceleration,g,1000-5000 Hz,1000.0,5000.0,0.016630180462712432,0.6618260294462796
run_20260707_6000rpm_10min_wo,无冷却,6000.0,6000.009734826163,100.00016224710272,cDAQ9185-254D6AAMod1/ai0,ACC1,FrontBearingOuter,Y,acceleration,g,5000-12800 Hz,5000.0,12800.0,0.007781360614245493,0.3096723460435494
run_20260707_6000rpm_10min_wo,无冷却,6000.0,6000.009734826163,100.00016224710272,cDAQ9185-254D6AAMod1/ai0,ACC1,FrontBearingOuter,Y,velocity,mm/s,0-10 Hz,0.0,10.0,1.519837920994115e-05,0.003002507910830197
run_20260707_6000rpm_10min_wo,无冷却,6000.0,6000.009734826163,100.00016224710272,cDAQ9185-254D6AAMod1/ai0,ACC1,FrontBearingOuter,Y,velocity,mm/s,10-100 Hz,10.0,100.0,0.0005001193532369675,0.09880081906833084
run_20260707_6000rpm_10min_wo,无冷却,6000.0,6000.009734826163,100.00016224710272,cDAQ9185-254D6AAMod1/ai0,ACC1,FrontBearingOuter,Y,velocity,mm/s,100-1000 Hz,100.0,1000.0,0.004546577077261946,0.898196673020839
run_20260707_6000rpm_10min_wo,无冷却,6000.0,6000.009734826163,100.00016224710272,cDAQ9185-254D6AAMod1/ai0,ACC1,FrontBearingOuter,Y,velocity,mm/s,1000-5000 Hz,1000.0,5000.0,2.5027017271894835e-24,4.94419939819617e-22
run_20260707_6000rpm_10min_wo,无冷却,6000.0,6000.009734826163,100.00016224710272,cDAQ9185-254D6AAMod1/ai0,ACC1,FrontBearingOuter,Y,velocity,mm/s,5000-12800 Hz,5000.0,12800.0,3.3715673818228604e-32,6.660682429346616e-30
run_20260707_6000rpm_10min_wo,无冷却,6000.0,6000.009734826163,100.00016224710272,cDAQ9185-254D6AAMod1/ai1,ACC2,FrontBearingOuter,X,acceleration,g,0-10 Hz,0.0,10.0,5.356085911344188e-07,5.383556604477538e-05
run_20260707_6000rpm_10min_wo,无冷却,6000.0,6000.009734826163,100.00016224710272,cDAQ9185-254D6AAMod1/ai1,ACC2,FrontBearingOuter,X,acceleration,g,10-100 Hz,10.0,100.0,2.6656025863260604e-07,2.6792741277980398e-05
run_20260707_6000rpm_10min_wo,无冷却,6000.0,6000.009734826163,100.00016224710272,cDAQ9185-254D6AAMod1/ai1,ACC2,FrontBearingOuter,X,acceleration,g,100-1000 Hz,100.0,1000.0,0.00011682336024960112,0.011742253261788342
run_20260707_6000rpm_10min_wo,无冷却,6000.0,6000.009734826163,100.00016224710272,cDAQ9185-254D6AAMod1/ai1,ACC2,FrontBearingOuter,X,acceleration,g,1000-5000 Hz,1000.0,5000.0,0.005110740145906164,0.5136952491368196
run_20260707_6000rpm_10min_wo,无冷却,6000.0,6000.009734826163,100.00016224710272,cDAQ9185-254D6AAMod1/ai1,ACC2,FrontBearingOuter,X,acceleration,g,5000-12800 Hz,5000.0,12800.0,0.004720607699781856,0.4744819104839601
run_20260707_6000rpm_10min_wo,无冷却,6000.0,6000.009734826163,100.00016224710272,cDAQ9185-254D6AAMod1/ai1,ACC2,FrontBearingOuter,X,velocity,mm/s,0-10 Hz,0.0,10.0,8.980717490072223e-06,0.009155646573793157
run_20260707_6000rpm_10min_wo,无冷却,6000.0,6000.009734826163,100.00016224710272,cDAQ9185-254D6AAMod1/ai1,ACC2,FrontBearingOuter,X,velocity,mm/s,10-100 Hz,10.0,100.0,0.0002519141071904077,0.25682096502174573
run_20260707_6000rpm_10min_wo,无冷却,6000.0,6000.009734826163,100.00016224710272,cDAQ9185-254D6AAMod1/ai1,ACC2,FrontBearingOuter,X,velocity,mm/s,100-1000 Hz,100.0,1000.0,0.0007199990332998351,0.7340233884044611
run_20260707_6000rpm_10min_wo,无冷却,6000.0,6000.009734826163,100.00016224710272,cDAQ9185-254D6AAMod1/ai1,ACC2,FrontBearingOuter,X,velocity,mm/s,1000-5000 Hz,1000.0,5000.0,5.0507375865259324e-24,5.149117353966847e-21
run_20260707_6000rpm_10min_wo,无冷却,6000.0,6000.009734826163,100.00016224710272,cDAQ9185-254D6AAMod1/ai1,ACC2,FrontBearingOuter,X,velocity,mm/s,5000-12800 Hz,5000.0,12800.0,2.017026870494523e-34,2.056315119199168e-31
run_20260707_6000rpm_10min_wo,无冷却,6000.0,6000.009734826163,100.00016224710272,cDAQ9185-254D6AAMod1/ai2,ACC3,BenchTop,Y,acceleration,g,0-10 Hz,0.0,10.0,2.2756854558623366e-07,3.3884913089764425e-05
run_20260707_6000rpm_10min_wo,无冷却,6000.0,6000.009734826163,100.00016224710272,cDAQ9185-254D6AAMod1/ai2,ACC3,BenchTop,Y,acceleration,g,10-100 Hz,10.0,100.0,3.474698236924256e-06,0.0005173819056057568
run_20260707_6000rpm_10min_wo,无冷却,6000.0,6000.009734826163,100.00016224710272,cDAQ9185-254D6AAMod1/ai2,ACC3,BenchTop,Y,acceleration,g,100-1000 Hz,100.0,1000.0,6.366167825243918e-05,0.00947921176529654
run_20260707_6000rpm_10min_wo,无冷却,6000.0,6000.009734826163,100.00016224710272,cDAQ9185-254D6AAMod1/ai2,ACC3,BenchTop,Y,acceleration,g,1000-5000 Hz,1000.0,5000.0,0.000417626373238337,0.06218448742430519
run_20260707_6000rpm_10min_wo,无冷却,6000.0,6000.009734826163,100.00016224710272,cDAQ9185-254D6AAMod1/ai2,ACC3,BenchTop,Y,acceleration,g,5000-12800 Hz,5000.0,12800.0,0.0062309367850697595,0.9277853004069873
run_20260707_6000rpm_10min_wo,无冷却,6000.0,6000.009734826163,100.00016224710272,cDAQ9185-254D6AAMod1/ai2,ACC3,BenchTop,Y,velocity,mm/s,0-10 Hz,0.0,10.0,2.1433521491444702e-05,0.004440607859785542
run_20260707_6000rpm_10min_wo,无冷却,6000.0,6000.009734826163,100.00016224710272,cDAQ9185-254D6AAMod1/ai2,ACC3,BenchTop,Y,velocity,mm/s,10-100 Hz,10.0,100.0,0.0010699563870848442,0.22167410726292405
run_20260707_6000rpm_10min_wo,无冷却,6000.0,6000.009734826163,100.00016224710272,cDAQ9185-254D6AAMod1/ai2,ACC3,BenchTop,Y,velocity,mm/s,100-1000 Hz,100.0,1000.0,0.0037353189943980496,0.7738852848772902
run_20260707_6000rpm_10min_wo,无冷却,6000.0,6000.009734826163,100.00016224710272,cDAQ9185-254D6AAMod1/ai2,ACC3,BenchTop,Y,velocity,mm/s,1000-5000 Hz,1000.0,5000.0,9.268852420307157e-24,1.920325548241672e-21
run_20260707_6000rpm_10min_wo,无冷却,6000.0,6000.009734826163,100.00016224710272,cDAQ9185-254D6AAMod1/ai2,ACC3,BenchTop,Y,velocity,mm/s,5000-12800 Hz,5000.0,12800.0,6.692796675102602e-34,1.386617011640858e-31
run_20260707_6000rpm_10min_wo_load,不加刀柄,6000.0,5999.97530588908,99.99958843148467,cDAQ9185-254D6AAMod1/ai0,ACC1,FrontBearingOuter,Y,acceleration,g,0-10 Hz,0.0,10.0,3.667969842921174e-08,1.5176326195555125e-06
run_20260707_6000rpm_10min_wo_load,不加刀柄,6000.0,5999.97530588908,99.99958843148467,cDAQ9185-254D6AAMod1/ai0,ACC1,FrontBearingOuter,Y,acceleration,g,10-100 Hz,10.0,100.0,8.592370393378856e-07,3.555116903008578e-05
run_20260707_6000rpm_10min_wo_load,不加刀柄,6000.0,5999.97530588908,99.99958843148467,cDAQ9185-254D6AAMod1/ai0,ACC1,FrontBearingOuter,Y,acceleration,g,100-1000 Hz,100.0,1000.0,0.0004942670976930936,0.020450437227005038
run_20260707_6000rpm_10min_wo_load,不加刀柄,6000.0,5999.97530588908,99.99958843148467,cDAQ9185-254D6AAMod1/ai0,ACC1,FrontBearingOuter,Y,acceleration,g,1000-5000 Hz,1000.0,5000.0,0.007232467079410847,0.2992453163364564
run_20260707_6000rpm_10min_wo_load,不加刀柄,6000.0,5999.97530588908,99.99958843148467,cDAQ9185-254D6AAMod1/ai0,ACC1,FrontBearingOuter,Y,acceleration,g,5000-12800 Hz,5000.0,12800.0,0.016441393407636156,0.6802671781647421
run_20260707_6000rpm_10min_wo_load,不加刀柄,6000.0,5999.97530588908,99.99958843148467,cDAQ9185-254D6AAMod1/ai0,ACC1,FrontBearingOuter,Y,velocity,mm/s,0-10 Hz,0.0,10.0,2.2332072776554533e-05,0.007031613872294807
run_20260707_6000rpm_10min_wo_load,不加刀柄,6000.0,5999.97530588908,99.99958843148467,cDAQ9185-254D6AAMod1/ai0,ACC1,FrontBearingOuter,Y,velocity,mm/s,10-100 Hz,10.0,100.0,0.0006230810832243881,0.1961871444805957
run_20260707_6000rpm_10min_wo_load,不加刀柄,6000.0,5999.97530588908,99.99958843148467,cDAQ9185-254D6AAMod1/ai0,ACC1,FrontBearingOuter,Y,velocity,mm/s,100-1000 Hz,100.0,1000.0,0.0025305395032519944,0.7967812416471095
run_20260707_6000rpm_10min_wo_load,不加刀柄,6000.0,5999.97530588908,99.99958843148467,cDAQ9185-254D6AAMod1/ai0,ACC1,FrontBearingOuter,Y,velocity,mm/s,1000-5000 Hz,1000.0,5000.0,3.5155415536285226e-23,1.106925049208846e-20
run_20260707_6000rpm_10min_wo_load,不加刀柄,6000.0,5999.97530588908,99.99958843148467,cDAQ9185-254D6AAMod1/ai0,ACC1,FrontBearingOuter,Y,velocity,mm/s,5000-12800 Hz,5000.0,12800.0,3.0661113446266327e-32,9.654146876823593e-30
run_20260707_6000rpm_10min_wo_load,不加刀柄,6000.0,5999.97530588908,99.99958843148467,cDAQ9185-254D6AAMod1/ai1,ACC2,FrontBearingOuter,X,acceleration,g,0-10 Hz,0.0,10.0,8.722811605552622e-08,5.737252432450841e-06
run_20260707_6000rpm_10min_wo_load,不加刀柄,6000.0,5999.97530588908,99.99958843148467,cDAQ9185-254D6AAMod1/ai1,ACC2,FrontBearingOuter,X,acceleration,g,10-100 Hz,10.0,100.0,1.5286899660812013e-07,1.0054648229224164e-05
run_20260707_6000rpm_10min_wo_load,不加刀柄,6000.0,5999.97530588908,99.99958843148467,cDAQ9185-254D6AAMod1/ai1,ACC2,FrontBearingOuter,X,acceleration,g,100-1000 Hz,100.0,1000.0,0.00018061306004540022,0.011879457736061168
run_20260707_6000rpm_10min_wo_load,不加刀柄,6000.0,5999.97530588908,99.99958843148467,cDAQ9185-254D6AAMod1/ai1,ACC2,FrontBearingOuter,X,acceleration,g,1000-5000 Hz,1000.0,5000.0,0.003971639555426145,0.26122653716012517
run_20260707_6000rpm_10min_wo_load,不加刀柄,6000.0,5999.97530588908,99.99958843148467,cDAQ9185-254D6AAMod1/ai1,ACC2,FrontBearingOuter,X,acceleration,g,5000-12800 Hz,5000.0,12800.0,0.011051320834586048,0.7268782155017847
run_20260707_6000rpm_10min_wo_load,不加刀柄,6000.0,5999.97530588908,99.99958843148467,cDAQ9185-254D6AAMod1/ai1,ACC2,FrontBearingOuter,X,velocity,mm/s,0-10 Hz,0.0,10.0,8.094377506796406e-06,0.008468485425292983
run_20260707_6000rpm_10min_wo_load,不加刀柄,6000.0,5999.97530588908,99.99958843148467,cDAQ9185-254D6AAMod1/ai1,ACC2,FrontBearingOuter,X,velocity,mm/s,10-100 Hz,10.0,100.0,0.0002110592289870778,0.22081401603148615
run_20260707_6000rpm_10min_wo_load,不加刀柄,6000.0,5999.97530588908,99.99958843148467,cDAQ9185-254D6AAMod1/ai1,ACC2,FrontBearingOuter,X,velocity,mm/s,100-1000 Hz,100.0,1000.0,0.0007366699086084578,0.7707174985432208
run_20260707_6000rpm_10min_wo_load,不加刀柄,6000.0,5999.97530588908,99.99958843148467,cDAQ9185-254D6AAMod1/ai1,ACC2,FrontBearingOuter,X,velocity,mm/s,1000-5000 Hz,1000.0,5000.0,1.5978804588863552e-22,1.6717316885798562e-19
run_20260707_6000rpm_10min_wo_load,不加刀柄,6000.0,5999.97530588908,99.99958843148467,cDAQ9185-254D6AAMod1/ai1,ACC2,FrontBearingOuter,X,velocity,mm/s,5000-12800 Hz,5000.0,12800.0,5.4638877552440577e-33,5.716419055309687e-30
run_20260707_6000rpm_10min_wo_load,不加刀柄,6000.0,5999.97530588908,99.99958843148467,cDAQ9185-254D6AAMod1/ai2,ACC3,BenchTop,Y,acceleration,g,0-10 Hz,0.0,10.0,7.824074879583791e-08,6.593619374906332e-06
run_20260707_6000rpm_10min_wo_load,不加刀柄,6000.0,5999.97530588908,99.99958843148467,cDAQ9185-254D6AAMod1/ai2,ACC3,BenchTop,Y,acceleration,g,10-100 Hz,10.0,100.0,1.6631832035995045e-06,0.00014016221935564917
run_20260707_6000rpm_10min_wo_load,不加刀柄,6000.0,5999.97530588908,99.99958843148467,cDAQ9185-254D6AAMod1/ai2,ACC3,BenchTop,Y,acceleration,g,100-1000 Hz,100.0,1000.0,7.689740355698681e-05,0.006480411010589809
run_20260707_6000rpm_10min_wo_load,不加刀柄,6000.0,5999.97530588908,99.99958843148467,cDAQ9185-254D6AAMod1/ai2,ACC3,BenchTop,Y,acceleration,g,1000-5000 Hz,1000.0,5000.0,0.00037503561526304496,0.03160555256866196
run_20260707_6000rpm_10min_wo_load,不加刀柄,6000.0,5999.97530588908,99.99958843148467,cDAQ9185-254D6AAMod1/ai2,ACC3,BenchTop,Y,acceleration,g,5000-12800 Hz,5000.0,12800.0,0.011412456772709785,0.9617673303226769
run_20260707_6000rpm_10min_wo_load,不加刀柄,6000.0,5999.97530588908,99.99958843148467,cDAQ9185-254D6AAMod1/ai2,ACC3,BenchTop,Y,velocity,mm/s,0-10 Hz,0.0,10.0,2.538636440586089e-05,0.012284621446516169
run_20260707_6000rpm_10min_wo_load,不加刀柄,6000.0,5999.97530588908,99.99958843148467,cDAQ9185-254D6AAMod1/ai2,ACC3,BenchTop,Y,velocity,mm/s,10-100 Hz,10.0,100.0,0.0006424319279449912,0.3108768515958809
run_20260707_6000rpm_10min_wo_load,不加刀柄,6000.0,5999.97530588908,99.99958843148467,cDAQ9185-254D6AAMod1/ai2,ACC3,BenchTop,Y,velocity,mm/s,100-1000 Hz,100.0,1000.0,0.0013986975149441522,0.6768385269576027
run_20260707_6000rpm_10min_wo_load,不加刀柄,6000.0,5999.97530588908,99.99958843148467,cDAQ9185-254D6AAMod1/ai2,ACC3,BenchTop,Y,velocity,mm/s,1000-5000 Hz,1000.0,5000.0,7.273816578487925e-23,3.519845603314833e-20
run_20260707_6000rpm_10min_wo_load,不加刀柄,6000.0,5999.97530588908,99.99958843148467,cDAQ9185-254D6AAMod1/ai2,ACC3,BenchTop,Y,velocity,mm/s,5000-12800 Hz,5000.0,12800.0,1.462395147756e-32,7.076622122093625e-30
run_20260707_6000rpm_9min,标准/默认22℃冷却,6000.0,6000.002,100.00003333333333,cDAQ9185-254D6AAMod1/ai0,ACC1,FrontBearingOuter,Y,acceleration,g,0-10 Hz,0.0,10.0,7.59484821422872e-08,3.7875658658172476e-06
run_20260707_6000rpm_9min,标准/默认22℃冷却,6000.0,6000.002,100.00003333333333,cDAQ9185-254D6AAMod1/ai0,ACC1,FrontBearingOuter,Y,acceleration,g,10-100 Hz,10.0,100.0,3.5957356914322724e-06,0.00017932005200386634
run_20260707_6000rpm_9min,标准/默认22℃冷却,6000.0,6000.002,100.00003333333333,cDAQ9185-254D6AAMod1/ai0,ACC1,FrontBearingOuter,Y,acceleration,g,100-1000 Hz,100.0,1000.0,0.0006616391847982383,0.03299607735588498
run_20260707_6000rpm_9min,标准/默认22℃冷却,6000.0,6000.002,100.00003333333333,cDAQ9185-254D6AAMod1/ai0,ACC1,FrontBearingOuter,Y,acceleration,g,1000-5000 Hz,1000.0,5000.0,0.010208160651595459,0.5090829960804973
run_20260707_6000rpm_9min,标准/默认22℃冷却,6000.0,6000.002,100.00003333333333,cDAQ9185-254D6AAMod1/ai0,ACC1,FrontBearingOuter,Y,acceleration,g,5000-12800 Hz,5000.0,12800.0,0.009178584376654832,0.4577378230734235
run_20260707_6000rpm_9min,标准/默认22℃冷却,6000.0,6000.002,100.00003333333333,cDAQ9185-254D6AAMod1/ai0,ACC1,FrontBearingOuter,Y,velocity,mm/s,0-10 Hz,0.0,10.0,1.2927136412932167e-05,0.001732798879965472
run_20260707_6000rpm_9min,标准/默认22℃冷却,6000.0,6000.002,100.00003333333333,cDAQ9185-254D6AAMod1/ai0,ACC1,FrontBearingOuter,Y,velocity,mm/s,10-100 Hz,10.0,100.0,0.001231950380696163,0.1651349666046531
run_20260707_6000rpm_9min,标准/默认22℃冷却,6000.0,6000.002,100.00003333333333,cDAQ9185-254D6AAMod1/ai0,ACC1,FrontBearingOuter,Y,velocity,mm/s,100-1000 Hz,100.0,1000.0,0.006215386084394247,0.8331322345153817
run_20260707_6000rpm_9min,标准/默认22℃冷却,6000.0,6000.002,100.00003333333333,cDAQ9185-254D6AAMod1/ai0,ACC1,FrontBearingOuter,Y,velocity,mm/s,1000-5000 Hz,1000.0,5000.0,1.4391606492189163e-23,1.9291016056442116e-21
run_20260707_6000rpm_9min,标准/默认22℃冷却,6000.0,6000.002,100.00003333333333,cDAQ9185-254D6AAMod1/ai0,ACC1,FrontBearingOuter,Y,velocity,mm/s,5000-12800 Hz,5000.0,12800.0,2.1961608495114823e-33,2.943811327348979e-31
run_20260707_6000rpm_9min,标准/默认22℃冷却,6000.0,6000.002,100.00003333333333,cDAQ9185-254D6AAMod1/ai1,ACC2,FrontBearingOuter,X,acceleration,g,0-10 Hz,0.0,10.0,3.051618157929292e-07,1.7680033513451197e-05
run_20260707_6000rpm_9min,标准/默认22℃冷却,6000.0,6000.002,100.00003333333333,cDAQ9185-254D6AAMod1/ai1,ACC2,FrontBearingOuter,X,acceleration,g,10-100 Hz,10.0,100.0,6.102184318986047e-07,3.5353972116268124e-05
run_20260707_6000rpm_9min,标准/默认22℃冷却,6000.0,6000.002,100.00003333333333,cDAQ9185-254D6AAMod1/ai1,ACC2,FrontBearingOuter,X,acceleration,g,100-1000 Hz,100.0,1000.0,0.00013582670034721384,0.00786933518507356
run_20260707_6000rpm_9min,标准/默认22℃冷却,6000.0,6000.002,100.00003333333333,cDAQ9185-254D6AAMod1/ai1,ACC2,FrontBearingOuter,X,acceleration,g,1000-5000 Hz,1000.0,5000.0,0.006831901699043762,0.3958170542596982
run_20260707_6000rpm_9min,标准/默认22℃冷却,6000.0,6000.002,100.00003333333333,cDAQ9185-254D6AAMod1/ai1,ACC2,FrontBearingOuter,X,acceleration,g,5000-12800 Hz,5000.0,12800.0,0.010291607998785004,0.596260622755271
run_20260707_6000rpm_9min,标准/默认22℃冷却,6000.0,6000.002,100.00003333333333,cDAQ9185-254D6AAMod1/ai1,ACC2,FrontBearingOuter,X,velocity,mm/s,0-10 Hz,0.0,10.0,9.007119333195584e-06,0.006193930264301615
run_20260707_6000rpm_9min,标准/默认22℃冷却,6000.0,6000.002,100.00003333333333,cDAQ9185-254D6AAMod1/ai1,ACC2,FrontBearingOuter,X,velocity,mm/s,10-100 Hz,10.0,100.0,0.0002792706692375533,0.19204620102535577
run_20260707_6000rpm_9min,标准/默认22℃冷却,6000.0,6000.002,100.00003333333333,cDAQ9185-254D6AAMod1/ai1,ACC2,FrontBearingOuter,X,velocity,mm/s,100-1000 Hz,100.0,1000.0,0.0011659070260545679,0.8017598687103425
run_20260707_6000rpm_9min,标准/默认22℃冷却,6000.0,6000.002,100.00003333333333,cDAQ9185-254D6AAMod1/ai1,ACC2,FrontBearingOuter,X,velocity,mm/s,1000-5000 Hz,1000.0,5000.0,2.220782985977154e-24,1.527166948548667e-21
run_20260707_6000rpm_9min,标准/默认22℃冷却,6000.0,6000.002,100.00003333333333,cDAQ9185-254D6AAMod1/ai1,ACC2,FrontBearingOuter,X,velocity,mm/s,5000-12800 Hz,5000.0,12800.0,1.4093016446428763e-32,9.691351680123237e-30
run_20260707_6000rpm_9min,标准/默认22℃冷却,6000.0,6000.002,100.00003333333333,cDAQ9185-254D6AAMod1/ai2,ACC3,BenchTop,Y,acceleration,g,0-10 Hz,0.0,10.0,1.1250764824545178e-07,9.86069179905411e-06
run_20260707_6000rpm_9min,标准/默认22℃冷却,6000.0,6000.002,100.00003333333333,cDAQ9185-254D6AAMod1/ai2,ACC3,BenchTop,Y,acceleration,g,10-100 Hz,10.0,100.0,9.222702262121862e-06,0.0008083203762540585
run_20260707_6000rpm_9min,标准/默认22℃冷却,6000.0,6000.002,100.00003333333333,cDAQ9185-254D6AAMod1/ai2,ACC3,BenchTop,Y,acceleration,g,100-1000 Hz,100.0,1000.0,8.691975030841568e-05,0.007618049816241485
run_20260707_6000rpm_9min,标准/默认22℃冷却,6000.0,6000.002,100.00003333333333,cDAQ9185-254D6AAMod1/ai2,ACC3,BenchTop,Y,acceleration,g,1000-5000 Hz,1000.0,5000.0,0.00048370813437001914,0.042394423029023104
run_20260707_6000rpm_9min,标准/默认22℃冷却,6000.0,6000.002,100.00003333333333,cDAQ9185-254D6AAMod1/ai2,ACC3,BenchTop,Y,acceleration,g,5000-12800 Hz,5000.0,12800.0,0.010829748921900544,0.9491693946621698
run_20260707_6000rpm_9min,标准/默认22℃冷却,6000.0,6000.002,100.00003333333333,cDAQ9185-254D6AAMod1/ai2,ACC3,BenchTop,Y,velocity,mm/s,0-10 Hz,0.0,10.0,2.0343686674389484e-05,0.001622027907865947
run_20260707_6000rpm_9min,标准/默认22℃冷却,6000.0,6000.002,100.00003333333333,cDAQ9185-254D6AAMod1/ai2,ACC3,BenchTop,Y,velocity,mm/s,10-100 Hz,10.0,100.0,0.0025884433676864513,0.2063798684829056
run_20260707_6000rpm_9min,标准/默认22℃冷却,6000.0,6000.002,100.00003333333333,cDAQ9185-254D6AAMod1/ai2,ACC3,BenchTop,Y,velocity,mm/s,100-1000 Hz,100.0,1000.0,0.009933344049385118,0.7919981036092281
run_20260707_6000rpm_9min,标准/默认22℃冷却,6000.0,6000.002,100.00003333333333,cDAQ9185-254D6AAMod1/ai2,ACC3,BenchTop,Y,velocity,mm/s,1000-5000 Hz,1000.0,5000.0,8.353485165421576e-24,6.660339535859769e-22
run_20260707_6000rpm_9min,标准/默认22℃冷却,6000.0,6000.002,100.00003333333333,cDAQ9185-254D6AAMod1/ai2,ACC3,BenchTop,Y,velocity,mm/s,5000-12800 Hz,5000.0,12800.0,7.001298127783551e-32,5.582223682618395e-30
run_20260707_7000rpm_10min,7000 rpm,7000.0,6999.997072671444,116.66661787785739,cDAQ9185-254D6AAMod1/ai0,ACC1,FrontBearingOuter,Y,acceleration,g,0-10 Hz,0.0,10.0,6.812335243073432e-08,3.1864756753935004e-06
run_20260707_7000rpm_10min,7000 rpm,7000.0,6999.997072671444,116.66661787785739,cDAQ9185-254D6AAMod1/ai0,ACC1,FrontBearingOuter,Y,acceleration,g,10-100 Hz,10.0,100.0,8.343648254143905e-07,3.902748654787895e-05
run_20260707_7000rpm_10min,7000 rpm,7000.0,6999.997072671444,116.66661787785739,cDAQ9185-254D6AAMod1/ai0,ACC1,FrontBearingOuter,Y,acceleration,g,100-1000 Hz,100.0,1000.0,0.00015161402928687962,0.0070917592739179304
run_20260707_7000rpm_10min,7000 rpm,7000.0,6999.997072671444,116.66661787785739,cDAQ9185-254D6AAMod1/ai0,ACC1,FrontBearingOuter,Y,acceleration,g,1000-5000 Hz,1000.0,5000.0,0.016038070563991057,0.7501821315145037
run_20260707_7000rpm_10min,7000 rpm,7000.0,6999.997072671444,116.66661787785739,cDAQ9185-254D6AAMod1/ai0,ACC1,FrontBearingOuter,Y,acceleration,g,5000-12800 Hz,5000.0,12800.0,0.00518831783019255,0.24268401322334537
run_20260707_7000rpm_10min,7000 rpm,7000.0,6999.997072671444,116.66661787785739,cDAQ9185-254D6AAMod1/ai0,ACC1,FrontBearingOuter,Y,velocity,mm/s,0-10 Hz,0.0,10.0,8.57401582433381e-06,0.0018026654158206684
run_20260707_7000rpm_10min,7000 rpm,7000.0,6999.997072671444,116.66661787785739,cDAQ9185-254D6AAMod1/ai0,ACC1,FrontBearingOuter,Y,velocity,mm/s,10-100 Hz,10.0,100.0,0.0005098204051315985,0.10718846704272587
run_20260707_7000rpm_10min,7000 rpm,7000.0,6999.997072671444,116.66661787785739,cDAQ9185-254D6AAMod1/ai0,ACC1,FrontBearingOuter,Y,velocity,mm/s,100-1000 Hz,100.0,1000.0,0.004237904639915808,0.8910088675414534
run_20260707_7000rpm_10min,7000 rpm,7000.0,6999.997072671444,116.66661787785739,cDAQ9185-254D6AAMod1/ai0,ACC1,FrontBearingOuter,Y,velocity,mm/s,1000-5000 Hz,1000.0,5000.0,6.132237843944575e-26,1.2892876931125208e-23
run_20260707_7000rpm_10min,7000 rpm,7000.0,6999.997072671444,116.66661787785739,cDAQ9185-254D6AAMod1/ai0,ACC1,FrontBearingOuter,Y,velocity,mm/s,5000-12800 Hz,5000.0,12800.0,1.7222701925176046e-33,3.621030070808762e-31
run_20260707_7000rpm_10min,7000 rpm,7000.0,6999.997072671444,116.66661787785739,cDAQ9185-254D6AAMod1/ai1,ACC2,FrontBearingOuter,X,acceleration,g,0-10 Hz,0.0,10.0,3.101139553439337e-07,4.231861100293604e-05
run_20260707_7000rpm_10min,7000 rpm,7000.0,6999.997072671444,116.66661787785739,cDAQ9185-254D6AAMod1/ai1,ACC2,FrontBearingOuter,X,acceleration,g,10-100 Hz,10.0,100.0,1.6580976730551047e-07,2.2626647147520894e-05
run_20260707_7000rpm_10min,7000 rpm,7000.0,6999.997072671444,116.66661787785739,cDAQ9185-254D6AAMod1/ai1,ACC2,FrontBearingOuter,X,acceleration,g,100-1000 Hz,100.0,1000.0,0.0003887188139312391,0.0530451467688217
run_20260707_7000rpm_10min,7000 rpm,7000.0,6999.997072671444,116.66661787785739,cDAQ9185-254D6AAMod1/ai1,ACC2,FrontBearingOuter,X,acceleration,g,1000-5000 Hz,1000.0,5000.0,0.00521506104258695,0.7116549765489949
run_20260707_7000rpm_10min,7000 rpm,7000.0,6999.997072671444,116.66661787785739,cDAQ9185-254D6AAMod1/ai1,ACC2,FrontBearingOuter,X,acceleration,g,5000-12800 Hz,5000.0,12800.0,0.0017238216937273563,0.23523526896545177
run_20260707_7000rpm_10min,7000 rpm,7000.0,6999.997072671444,116.66661787785739,cDAQ9185-254D6AAMod1/ai1,ACC2,FrontBearingOuter,X,velocity,mm/s,0-10 Hz,0.0,10.0,1.308747655924244e-05,0.00023435170287479308
run_20260707_7000rpm_10min,7000 rpm,7000.0,6999.997072671444,116.66661787785739,cDAQ9185-254D6AAMod1/ai1,ACC2,FrontBearingOuter,X,velocity,mm/s,10-100 Hz,10.0,100.0,0.00018294691313384677,0.003275950137104625
run_20260707_7000rpm_10min,7000 rpm,7000.0,6999.997072671444,116.66661787785739,cDAQ9185-254D6AAMod1/ai1,ACC2,FrontBearingOuter,X,velocity,mm/s,100-1000 Hz,100.0,1000.0,0.055649416693863474,0.9964896981600205
run_20260707_7000rpm_10min,7000 rpm,7000.0,6999.997072671444,116.66661787785739,cDAQ9185-254D6AAMod1/ai1,ACC2,FrontBearingOuter,X,velocity,mm/s,1000-5000 Hz,1000.0,5000.0,4.708501106200151e-26,8.43130642665101e-25
run_20260707_7000rpm_10min,7000 rpm,7000.0,6999.997072671444,116.66661787785739,cDAQ9185-254D6AAMod1/ai1,ACC2,FrontBearingOuter,X,velocity,mm/s,5000-12800 Hz,5000.0,12800.0,3.632233930858568e-31,6.504081998413766e-30
run_20260707_7000rpm_10min,7000 rpm,7000.0,6999.997072671444,116.66661787785739,cDAQ9185-254D6AAMod1/ai2,ACC3,BenchTop,Y,acceleration,g,0-10 Hz,0.0,10.0,1.123176850331622e-07,5.165282703314049e-06
run_20260707_7000rpm_10min,7000 rpm,7000.0,6999.997072671444,116.66661787785739,cDAQ9185-254D6AAMod1/ai2,ACC3,BenchTop,Y,acceleration,g,10-100 Hz,10.0,100.0,1.3920681820435925e-06,6.401864230393105e-05
run_20260707_7000rpm_10min,7000 rpm,7000.0,6999.997072671444,116.66661787785739,cDAQ9185-254D6AAMod1/ai2,ACC3,BenchTop,Y,acceleration,g,100-1000 Hz,100.0,1000.0,0.0011392662230137799,0.05239274753985131
run_20260707_7000rpm_10min,7000 rpm,7000.0,6999.997072671444,116.66661787785739,cDAQ9185-254D6AAMod1/ai2,ACC3,BenchTop,Y,acceleration,g,1000-5000 Hz,1000.0,5000.0,0.0005431859931640809,0.024980119687692055
run_20260707_7000rpm_10min,7000 rpm,7000.0,6999.997072671444,116.66661787785739,cDAQ9185-254D6AAMod1/ai2,ACC3,BenchTop,Y,acceleration,g,5000-12800 Hz,5000.0,12800.0,0.020060775756019333,0.9225579925105688
run_20260707_7000rpm_10min,7000 rpm,7000.0,6999.997072671444,116.66661787785739,cDAQ9185-254D6AAMod1/ai2,ACC3,BenchTop,Y,velocity,mm/s,0-10 Hz,0.0,10.0,2.2995766416743552e-05,0.00011402618969062841
run_20260707_7000rpm_10min,7000 rpm,7000.0,6999.997072671444,116.66661787785739,cDAQ9185-254D6AAMod1/ai2,ACC3,BenchTop,Y,velocity,mm/s,10-100 Hz,10.0,100.0,0.0006409734135450673,0.0031783135519381166
run_20260707_7000rpm_10min,7000 rpm,7000.0,6999.997072671444,116.66661787785739,cDAQ9185-254D6AAMod1/ai2,ACC3,BenchTop,Y,velocity,mm/s,100-1000 Hz,100.0,1000.0,0.2010069493970318,0.9967076602583711
run_20260707_7000rpm_10min,7000 rpm,7000.0,6999.997072671444,116.66661787785739,cDAQ9185-254D6AAMod1/ai2,ACC3,BenchTop,Y,velocity,mm/s,1000-5000 Hz,1000.0,5000.0,1.3315971612181515e-25,6.602821917081596e-25
run_20260707_7000rpm_10min,7000 rpm,7000.0,6999.997072671444,116.66661787785739,cDAQ9185-254D6AAMod1/ai2,ACC3,BenchTop,Y,velocity,mm/s,5000-12800 Hz,5000.0,12800.0,1.4026127432430309e-30,6.95495787464043e-30
run_20260707_8000rpm_10min,8000 rpm,8000.0,7999.976179310345,133.3329363218391,cDAQ9185-254D6AAMod1/ai0,ACC1,FrontBearingOuter,Y,acceleration,g,0-10 Hz,0.0,10.0,2.210070658276212e-07,7.260354996103328e-06
run_20260707_8000rpm_10min,8000 rpm,8000.0,7999.976179310345,133.3329363218391,cDAQ9185-254D6AAMod1/ai0,ACC1,FrontBearingOuter,Y,acceleration,g,10-100 Hz,10.0,100.0,8.198294639733347e-07,2.6932410158117254e-05
run_20260707_8000rpm_10min,8000 rpm,8000.0,7999.976179310345,133.3329363218391,cDAQ9185-254D6AAMod1/ai0,ACC1,FrontBearingOuter,Y,acceleration,g,100-1000 Hz,100.0,1000.0,5.912338970725115e-05,0.001942276353202265
run_20260707_8000rpm_10min,8000 rpm,8000.0,7999.976179310345,133.3329363218391,cDAQ9185-254D6AAMod1/ai0,ACC1,FrontBearingOuter,Y,acceleration,g,1000-5000 Hz,1000.0,5000.0,0.025923465169741436,0.851617839260595
run_20260707_8000rpm_10min,8000 rpm,8000.0,7999.976179310345,133.3329363218391,cDAQ9185-254D6AAMod1/ai0,ACC1,FrontBearingOuter,Y,acceleration,g,5000-12800 Hz,5000.0,12800.0,0.004456628739144914,0.14640575680628104
run_20260707_8000rpm_10min,8000 rpm,8000.0,7999.976179310345,133.3329363218391,cDAQ9185-254D6AAMod1/ai0,ACC1,FrontBearingOuter,Y,velocity,mm/s,0-10 Hz,0.0,10.0,1.1872778719131307e-05,0.008555728651121995
run_20260707_8000rpm_10min,8000 rpm,8000.0,7999.976179310345,133.3329363218391,cDAQ9185-254D6AAMod1/ai0,ACC1,FrontBearingOuter,Y,velocity,mm/s,10-100 Hz,10.0,100.0,0.0004955031505384845,0.35706809686869234
run_20260707_8000rpm_10min,8000 rpm,8000.0,7999.976179310345,133.3329363218391,cDAQ9185-254D6AAMod1/ai0,ACC1,FrontBearingOuter,Y,velocity,mm/s,100-1000 Hz,100.0,1000.0,0.0008803233776359376,0.6343761744801858
run_20260707_8000rpm_10min,8000 rpm,8000.0,7999.976179310345,133.3329363218391,cDAQ9185-254D6AAMod1/ai0,ACC1,FrontBearingOuter,Y,velocity,mm/s,1000-5000 Hz,1000.0,5000.0,6.111668182941035e-27,4.4041732618735434e-24
run_20260707_8000rpm_10min,8000 rpm,8000.0,7999.976179310345,133.3329363218391,cDAQ9185-254D6AAMod1/ai0,ACC1,FrontBearingOuter,Y,velocity,mm/s,5000-12800 Hz,5000.0,12800.0,6.689753564859274e-34,4.820751535744932e-31
run_20260707_8000rpm_10min,8000 rpm,8000.0,7999.976179310345,133.3329363218391,cDAQ9185-254D6AAMod1/ai1,ACC2,FrontBearingOuter,X,acceleration,g,0-10 Hz,0.0,10.0,2.088019615685878e-07,1.4147356680287889e-05
run_20260707_8000rpm_10min,8000 rpm,8000.0,7999.976179310345,133.3329363218391,cDAQ9185-254D6AAMod1/ai1,ACC2,FrontBearingOuter,X,acceleration,g,10-100 Hz,10.0,100.0,1.7842917060078202e-07,1.208945117035221e-05
run_20260707_8000rpm_10min,8000 rpm,8000.0,7999.976179310345,133.3329363218391,cDAQ9185-254D6AAMod1/ai1,ACC2,FrontBearingOuter,X,acceleration,g,100-1000 Hz,100.0,1000.0,0.00017099201547921472,0.011585547445497207
run_20260707_8000rpm_10min,8000 rpm,8000.0,7999.976179310345,133.3329363218391,cDAQ9185-254D6AAMod1/ai1,ACC2,FrontBearingOuter,X,acceleration,g,1000-5000 Hz,1000.0,5000.0,0.012048490838768227,0.8163443296927259
run_20260707_8000rpm_10min,8000 rpm,8000.0,7999.976179310345,133.3329363218391,cDAQ9185-254D6AAMod1/ai1,ACC2,FrontBearingOuter,X,acceleration,g,5000-12800 Hz,5000.0,12800.0,0.002539212189289722,0.17204407592222862
run_20260707_8000rpm_10min,8000 rpm,8000.0,7999.976179310345,133.3329363218391,cDAQ9185-254D6AAMod1/ai1,ACC2,FrontBearingOuter,X,velocity,mm/s,0-10 Hz,0.0,10.0,8.430689167962553e-06,0.0005349891494871784
run_20260707_8000rpm_10min,8000 rpm,8000.0,7999.976179310345,133.3329363218391,cDAQ9185-254D6AAMod1/ai1,ACC2,FrontBearingOuter,X,velocity,mm/s,10-100 Hz,10.0,100.0,0.0001821844259525801,0.011560939936033186
run_20260707_8000rpm_10min,8000 rpm,8000.0,7999.976179310345,133.3329363218391,cDAQ9185-254D6AAMod1/ai1,ACC2,FrontBearingOuter,X,velocity,mm/s,100-1000 Hz,100.0,1000.0,0.015568002000841366,0.9879040709144798
run_20260707_8000rpm_10min,8000 rpm,8000.0,7999.976179310345,133.3329363218391,cDAQ9185-254D6AAMod1/ai1,ACC2,FrontBearingOuter,X,velocity,mm/s,1000-5000 Hz,1000.0,5000.0,1.11686697793319e-25,7.08734129216145e-24
run_20260707_8000rpm_10min,8000 rpm,8000.0,7999.976179310345,133.3329363218391,cDAQ9185-254D6AAMod1/ai1,ACC2,FrontBearingOuter,X,velocity,mm/s,5000-12800 Hz,5000.0,12800.0,7.131977709519734e-33,4.525763686647195e-31
run_20260707_8000rpm_10min,8000 rpm,8000.0,7999.976179310345,133.3329363218391,cDAQ9185-254D6AAMod1/ai2,ACC3,BenchTop,Y,acceleration,g,0-10 Hz,0.0,10.0,2.458301581305048e-07,3.313247053963804e-05
run_20260707_8000rpm_10min,8000 rpm,8000.0,7999.976179310345,133.3329363218391,cDAQ9185-254D6AAMod1/ai2,ACC3,BenchTop,Y,acceleration,g,10-100 Hz,10.0,100.0,1.3899476303911122e-06,0.00018733421182247793
run_20260707_8000rpm_10min,8000 rpm,8000.0,7999.976179310345,133.3329363218391,cDAQ9185-254D6AAMod1/ai2,ACC3,BenchTop,Y,acceleration,g,100-1000 Hz,100.0,1000.0,0.00037757361736465004,0.05088857627971598
run_20260707_8000rpm_10min,8000 rpm,8000.0,7999.976179310345,133.3329363218391,cDAQ9185-254D6AAMod1/ai2,ACC3,BenchTop,Y,acceleration,g,1000-5000 Hz,1000.0,5000.0,0.0010316124750071386,0.13903855489671818
run_20260707_8000rpm_10min,8000 rpm,8000.0,7999.976179310345,133.3329363218391,cDAQ9185-254D6AAMod1/ai2,ACC3,BenchTop,Y,acceleration,g,5000-12800 Hz,5000.0,12800.0,0.006008793208278261,0.809852482974717
run_20260707_8000rpm_10min,8000 rpm,8000.0,7999.976179310345,133.3329363218391,cDAQ9185-254D6AAMod1/ai2,ACC3,BenchTop,Y,velocity,mm/s,0-10 Hz,0.0,10.0,2.7710534274514164e-05,0.0005985979260699185
run_20260707_8000rpm_10min,8000 rpm,8000.0,7999.976179310345,133.3329363218391,cDAQ9185-254D6AAMod1/ai2,ACC3,BenchTop,Y,velocity,mm/s,10-100 Hz,10.0,100.0,0.0006346240132517067,0.013709032615658598
run_20260707_8000rpm_10min,8000 rpm,8000.0,7999.976179310345,133.3329363218391,cDAQ9185-254D6AAMod1/ai2,ACC3,BenchTop,Y,velocity,mm/s,100-1000 Hz,100.0,1000.0,0.045630064853933554,0.9856923694582713
run_20260707_8000rpm_10min,8000 rpm,8000.0,7999.976179310345,133.3329363218391,cDAQ9185-254D6AAMod1/ai2,ACC3,BenchTop,Y,velocity,mm/s,1000-5000 Hz,1000.0,5000.0,1.3146737132326106e-26,2.8399342661662808e-25
run_20260707_8000rpm_10min,8000 rpm,8000.0,7999.976179310345,133.3329363218391,cDAQ9185-254D6AAMod1/ai2,ACC3,BenchTop,Y,velocity,mm/s,5000-12800 Hz,5000.0,12800.0,3.0533884316776943e-32,6.59587420647159e-31
